Species,Symbol,Entrez ID,Model Organism,Model Organism Symbol,Model Organism Entrez ID,
Homo sapiens,PRKAA2,5563,Caenorhabditis elegans,aak-2,181727,
Homo sapiens,PRKAA1,5562,Caenorhabditis elegans,aak-2,181727,
Homo sapiens,AGPAT5,55326,Caenorhabditis elegans,acl-11,185044,
Homo sapiens,ACO2,50,Caenorhabditis elegans,aco-2,176121,
Homo sapiens,ADCY5,111,Mus musculus,Adcy5,224129,
Homo sapiens,PIK3CA,5290,Caenorhabditis elegans,age-1,174762,
Homo sapiens,PIK3CB,5291,Caenorhabditis elegans,age-1,174762,
Homo sapiens,PIK3CD,5293,Caenorhabditis elegans,age-1,174762,
Homo sapiens,PIK3CG,5294,Caenorhabditis elegans,age-1,174762,
Homo sapiens,SLC7A14,57709,Saccharomyces cerevisiae,AGP1,850333,
Homo sapiens,SLC7A3,84889,Saccharomyces cerevisiae,AGP1,850333,
Homo sapiens,SLC7A4,6545,Saccharomyces cerevisiae,AGP1,850333,
Homo sapiens,SLC7A1,6541,Saccharomyces cerevisiae,AGP1,850333,
Homo sapiens,AKT1,207,Caenorhabditis elegans,akt-1,179424,
Homo sapiens,AKT2,208,Caenorhabditis elegans,akt-1,179424,
Homo sapiens,AKT3,10000,Caenorhabditis elegans,akt-1,179424,
Homo sapiens,EIF2C2,27161,Caenorhabditis elegans,alg-2,173468,
Homo sapiens,EIF2C1,26523,Caenorhabditis elegans,alg-2,173468,
Homo sapiens,EIF2C3,192669,Caenorhabditis elegans,alg-2,173468,
Homo sapiens,EIF2C4,192670,Caenorhabditis elegans,alg-2,173468,
Homo sapiens,ARHGAP1,392,Mus musculus,Arhgap1,228359,
Homo sapiens,ARL8B,55207,Caenorhabditis elegans,arl-8,178405,
Homo sapiens,ARL8A,127829,Caenorhabditis elegans,arl-8,178405,
Homo sapiens,ARNTL,406,Mus musculus,Arntl,11865,
Homo sapiens,ARPC2,10109,Caenorhabditis elegans,arx-4,175247,
Homo sapiens,ATP5F1,515,Caenorhabditis elegans,asb-2,180718,
Homo sapiens,ATP5L,10632,Caenorhabditis elegans,asg-1,172673,
Homo sapiens,ATP5L,10632,Caenorhabditis elegans,asg-2,180956,
Homo sapiens,ATG7,10533,Drosophila melanogaster,Atg7,37141,
Homo sapiens,GABARAP,11337,Drosophila melanogaster,Atg8a,32001,
Homo sapiens,ATG7,10533,Caenorhabditis elegans,atg-7,178005,
Homo sapiens,ATM,472,Mus musculus,Atm,11920,
Homo sapiens,ATP5B,506,Caenorhabditis elegans,atp-2,175716,
Homo sapiens,ATP5O,539,Caenorhabditis elegans,atp-3,172195,
Homo sapiens,ATP5B,506,Saccharomyces cerevisiae,ATP2,853585,
Homo sapiens,ATR,545,Mus musculus,Atr,245000,
Homo sapiens,TXN,7295,Caenorhabditis elegans,trx-1,181863,
Homo sapiens,TXNDC8,255220,Caenorhabditis elegans,trx-1,181863,
Homo sapiens,MTOR,2475,Caenorhabditis elegans,let-363,172167,
Homo sapiens,MRPL47,57129,Caenorhabditis elegans,mrpl-47,172164,
Homo sapiens,SOAT1,6646,Caenorhabditis elegans,mboa-1,181681,
Homo sapiens,SOAT2,8435,Caenorhabditis elegans,mboa-1,181681,
Homo sapiens,DDX18,8886,Caenorhabditis elegans,B0511.6,172954,
Homo sapiens,BANF1,8815,Caenorhabditis elegans,baf-1,176330,
Homo sapiens,BAX,581,Mus musculus,Bax,12028,
Homo sapiens,WDFY3,23001,Drosophila melanogaster,bchs,33819,
Homo sapiens,PRKAR2A,5576,Saccharomyces cerevisiae,BCY1,854778,
Homo sapiens,PRKAR2B,5577,Saccharomyces cerevisiae,BCY1,854778,
Homo sapiens,AGMO,392636,Caenorhabditis elegans,agmo-1,176695,
Homo sapiens,BECN1,8678,Caenorhabditis elegans,bec-1,177345,
Homo sapiens,PRDM1,639,Caenorhabditis elegans,blmp-1,172917,
Homo sapiens,SLC25A30,253512,Drosophila melanogaster,Bmcp,39322,
Homo sapiens,SLC25A14,9016,Drosophila melanogaster,Bmcp,39322,
Homo sapiens,BUB1B,701,Mus musculus,Bub1b,12236,
Homo sapiens,BUB3,9184,Mus musculus,Bub3,12237,
Homo sapiens,GTF2F1,2962,Caenorhabditis elegans,C01F1.1,173764,
Homo sapiens,SCO1,6341,Caenorhabditis elegans,sco-1,173763,
Homo sapiens,BUD31,8896,Caenorhabditis elegans,C07A9.2,176368,
Homo sapiens,UCHL5,51377,Caenorhabditis elegans,ubh-4,174289,
Homo sapiens,RNF157,114804,Caenorhabditis elegans,C11H1.3,181537,
Homo sapiens,MGRN1,23295,Caenorhabditis elegans,C11H1.3,181537,
Homo sapiens,SFT2D3,84826,Caenorhabditis elegans,C18E9.10,174427,
Homo sapiens,SNF8,11267,Caenorhabditis elegans,vps-22,175672,
Homo sapiens,TBC1D24,57465,Caenorhabditis elegans,tbc-7,180784,
Homo sapiens,SLC25A3,5250,Caenorhabditis elegans,C33F10.12,183168,
Homo sapiens,CDS1,1040,Caenorhabditis elegans,C33H5.18,3565046,
Homo sapiens,CRISP3,10321,Caenorhabditis elegans,scl-8,183345,
Homo sapiens,CRISP2,7180,Caenorhabditis elegans,scl-8,183345,
Homo sapiens,CRISP1,167,Caenorhabditis elegans,scl-8,183345,
Homo sapiens,GLIPR1,11010,Caenorhabditis elegans,scl-8,183345,
Homo sapiens,TRIM67,440730,Caenorhabditis elegans,trim-9,178619,
Homo sapiens,TRIM9,114088,Caenorhabditis elegans,trim-9,178619,
Homo sapiens,POLR3C,10623,Caenorhabditis elegans,C48E7.2,172321,
Homo sapiens,AKAP1,8165,Caenorhabditis elegans,C56G2.1,175898,
Homo sapiens,CALU,813,Caenorhabditis elegans,calu-1,180769,
Homo sapiens,RCN1,5954,Caenorhabditis elegans,calu-1,180769,
Homo sapiens,RCN3,57333,Caenorhabditis elegans,calu-1,180769,
Homo sapiens,VPS33A,65082,Drosophila melanogaster,car,32947,
Homo sapiens,CASP2,835,Mus musculus,Casp2,12366,
Homo sapiens,CAT,847,Drosophila melanogaster,Cat,40048,
Homo sapiens,CAT,847,Mus musculus,Cat,12359,
Homo sapiens,CAV1,857,Mus musculus,Cav1,12389,
Homo sapiens,HCCS,3052,Caenorhabditis elegans,cchl-1,174713,
Homo sapiens,COX5B,1329,Caenorhabditis elegans,cco-1,172832,
Homo sapiens,COX5A,9377,Caenorhabditis elegans,cco-2,176707,
Homo sapiens,CNOT6L,246175,Caenorhabditis elegans,ccr-4,178184,
Homo sapiens,CNOT6,57472,Caenorhabditis elegans,ccr-4,178184,
Homo sapiens,CCT4,10575,Caenorhabditis elegans,cct-4,174330,
Homo sapiens,CCT6A,908,Caenorhabditis elegans,cct-6,175819,
Homo sapiens,CCT6B,10693,Caenorhabditis elegans,cct-6,175819,
Homo sapiens,PCYT1A,5130,Drosophila melanogaster,Cct1,117353,
Homo sapiens,PCYT1B,9468,Drosophila melanogaster,Cct1,117353,
Homo sapiens,VPS37B,79720,Caenorhabditis elegans,vps-37,178944,
Homo sapiens,VPS37C,55048,Caenorhabditis elegans,vps-37,178944,
Homo sapiens,CDC25B,994,Caenorhabditis elegans,cdc-25.3,176260,
Homo sapiens,CDC6,990,Saccharomyces cerevisiae,CDC6,853244,
Homo sapiens,CDK7,1022,Caenorhabditis elegans,cdk-7,171784,
Homo sapiens,CDK5,1020,Drosophila melanogaster,Cdk5,36727,
Homo sapiens,CDKN1A,1026,Mus musculus,Cdkn1a,12575,
Homo sapiens,CEBPB,1051,Mus musculus,Cebpb,12608,
Homo sapiens,CASP2,835,Caenorhabditis elegans,ced-3,178272,
Homo sapiens,POU2F3,25833,Caenorhabditis elegans,ceh-18,180671,
Homo sapiens,POU3F1,5453,Caenorhabditis elegans,ceh-18,180671,
Homo sapiens,RNGTT,8732,Caenorhabditis elegans,cel-1,172814,
Homo sapiens,COL4A3BP,10087,Drosophila melanogaster,cert,38928,
Homo sapiens,IFT140,9742,Caenorhabditis elegans,che-11,179666,
Homo sapiens,IFT57,55081,Caenorhabditis elegans,che-13,186607,
Homo sapiens,IFT80,57560,Caenorhabditis elegans,che-2,180401,
Homo sapiens,CHEK2,11200,Mus musculus,Chek2,50883,
Homo sapiens,FLNB,2317,Drosophila melanogaster,cher,42066,
Homo sapiens,FLNC,2318,Drosophila melanogaster,cher,42066,
Homo sapiens,IRS1,3667,Drosophila melanogaster,chico,64880,
Homo sapiens,IRS2,8660,Drosophila melanogaster,chico,64880,
Homo sapiens,IRS4,8471,Drosophila melanogaster,chico,64880,
Homo sapiens,CHEK1,1111,Caenorhabditis elegans,chk-1,3565921,
Homo sapiens,DDX11,1663,Saccharomyces cerevisiae,CHL1,856099,
Homo sapiens,CCNT1,904,Caenorhabditis elegans,cit-1.2,176126,
Homo sapiens,CCNT2,905,Caenorhabditis elegans,cit-1.2,176126,
Homo sapiens,COQ7,10229,Caenorhabditis elegans,clk-1,175729,
Homo sapiens,TELO2,9894,Caenorhabditis elegans,clk-2,176065,
Homo sapiens,AP3M2,10947,Drosophila melanogaster,cm,31647,
Homo sapiens,AP3M1,26985,Drosophila melanogaster,cm,31647,
Homo sapiens,PPP3R1,5534,Caenorhabditis elegans,cnb-1,179572,
Homo sapiens,PPP3R2,5535,Caenorhabditis elegans,cnb-1,179572,
Homo sapiens,SFTPD,6441,Caenorhabditis elegans,col-93,259335,
Homo sapiens,COQ7,10229,Mus musculus,Coq7,12850,
Homo sapiens,EXOSC5,56915,Caenorhabditis elegans,crn-5,174634,
Homo sapiens,STK4,6789,Caenorhabditis elegans,cst-1,180708,
Homo sapiens,ATP7A,538,Caenorhabditis elegans,cua-1,176770,
Homo sapiens,ATP7B,540,Caenorhabditis elegans,cua-1,176770,
Homo sapiens,CUL1,8454,Caenorhabditis elegans,cul-1,176466,
Homo sapiens,CYC1,1537,Caenorhabditis elegans,cyc-1,172582,
Homo sapiens,CYP2C8,1558,Caenorhabditis elegans,cyp-33E2,185653,
Homo sapiens,CYP2J2,1573,Caenorhabditis elegans,cyp-33E2,185653,
Homo sapiens,CYP2B6,1555,Caenorhabditis elegans,cyp-33E2,185653,
Homo sapiens,CYP2C19,1557,Caenorhabditis elegans,cyp-33E2,185653,
Homo sapiens,CYP2C18,1562,Caenorhabditis elegans,cyp-33E2,185653,
Homo sapiens,CYP2C9,1559,Caenorhabditis elegans,cyp-33E2,185653,
Homo sapiens,CYP 20.00,1571,Caenorhabditis elegans,cyp-33E2,185653,
Homo sapiens,CYP2A13,1553,Caenorhabditis elegans,cyp-33E2,185653,
Homo sapiens,CYP2A7,1549,Caenorhabditis elegans,cyp-33E2,185653,
Homo sapiens,CYP2A6,1548,Caenorhabditis elegans,cyp-33E2,185653,
Homo sapiens,CYP2F1,1572,Caenorhabditis elegans,cyp-33E2,185653,
Homo sapiens,CYP2S1,29785,Caenorhabditis elegans,cyp-33E2,185653,
Homo sapiens,CYP2R1,120227,Caenorhabditis elegans,cyp-33E2,185653,
Homo sapiens,CYP2D6,1565,Caenorhabditis elegans,cyp-33E2,185653,
Homo sapiens,CYP2U1,113612,Caenorhabditis elegans,cyp-33E2,185653,
Homo sapiens,CYP2W1,54905,Caenorhabditis elegans,cyp-33E2,185653,
Homo sapiens,PRPF38A,84950,Caenorhabditis elegans,CELE_D1054.14,179499,
Homo sapiens,HSD17B14,51171,Caenorhabditis elegans,CELE_D1054.8,183917,
Homo sapiens,FAM126B,285172,Caenorhabditis elegans,D1069.3,173425,
Homo sapiens,NDUFB7,4713,Caenorhabditis elegans,D2030.4,172513,
Homo sapiens,DCAF11,80344,Caenorhabditis elegans,wdr-23,172518,
Homo sapiens,EIF2B5,8893,Caenorhabditis elegans,D2085.3,174387,
Homo sapiens,ACVR1C,130399,Caenorhabditis elegans,daf-1,176829,
Homo sapiens,TGFBR1,7046,Caenorhabditis elegans,daf-1,176829,
Homo sapiens,ACVR1B,91,Caenorhabditis elegans,daf-1,176829,
Homo sapiens,ACVR1,90,Caenorhabditis elegans,daf-1,176829,
Homo sapiens,NR1H2,7376,Caenorhabditis elegans,daf-12,181263,
Homo sapiens,NR1H4,9971,Caenorhabditis elegans,daf-12,181263,
Homo sapiens,RARG,5916,Caenorhabditis elegans,daf-12,181263,
Homo sapiens,RARA,5914,Caenorhabditis elegans,daf-12,181263,
Homo sapiens,THRB,7068,Caenorhabditis elegans,daf-12,181263,
Homo sapiens,RARB,5915,Caenorhabditis elegans,daf-12,181263,
Homo sapiens,RPTOR,57521,Caenorhabditis elegans,daf-15,177770,
Homo sapiens,RFX1,5989,Caenorhabditis elegans,daf-19,174577,
Homo sapiens,RFX3,5991,Caenorhabditis elegans,daf-19,174577,
Homo sapiens,RFX2,5990,Caenorhabditis elegans,daf-19,174577,
Homo sapiens,IGF1R,3480,Caenorhabditis elegans,daf-2,175410,
Homo sapiens,INSR,3643,Caenorhabditis elegans,daf-2,175410,
Homo sapiens,INSRR,3645,Caenorhabditis elegans,daf-2,175410,
Homo sapiens,GDF11,10220,Caenorhabditis elegans,daf-7,175237,
Homo sapiens,MSTN,2660,Caenorhabditis elegans,daf-7,175237,
Homo sapiens,CCDC53,51019,Caenorhabditis elegans,ddl-1,173954,
Homo sapiens,TTC19,54902,Caenorhabditis elegans,ddl-3,175087,
Homo sapiens,SPEN,23013,Caenorhabditis elegans,din-1,174782,
Homo sapiens,PRKD3,23683,Caenorhabditis elegans,dkf-2,180121,
Homo sapiens,PRKD2,25865,Caenorhabditis elegans,dkf-2,180121,
Homo sapiens,MAP3K13,9175,Caenorhabditis elegans,dlk-1,173128,
Homo sapiens,MAP3K12,7786,Caenorhabditis elegans,dlk-1,173128,
Homo sapiens,DNA2,1763,Saccharomyces cerevisiae,DNA2,856569,
Homo sapiens,PDE4D,5144,Drosophila melanogaster,dnc,31309,
Homo sapiens,PDE4B,5142,Drosophila melanogaster,dnc,31309,
Homo sapiens,PDE4A,5141,Drosophila melanogaster,dnc,31309,
Homo sapiens,PDE4C,5143,Drosophila melanogaster,dnc,31309,
Homo sapiens,DNM1L,10059,Saccharomyces cerevisiae,DNM1,850686,
Homo sapiens,TRDMT1,1787,Drosophila melanogaster,Mt2,34632,
Homo sapiens,VPS18,57617,Drosophila melanogaster,dor,31118,
Homo sapiens,CYCS,54205,Caenorhabditis elegans,cyc-2.1,177243,
Homo sapiens,OPA1,4976,Caenorhabditis elegans,eat-3,174476,
Homo sapiens,ATP1A1,476,Caenorhabditis elegans,eat-6,179796,
Homo sapiens,ATP1A2,477,Caenorhabditis elegans,eat-6,179796,
Homo sapiens,ATP1A3,478,Caenorhabditis elegans,eat-6,179796,
Homo sapiens,ATP1A4,480,Caenorhabditis elegans,eat-6,179796,
Homo sapiens,EEF1A1,1915,Drosophila melanogaster,Ef1alpha48D,36271,
Homo sapiens,EEF1A2,1917,Drosophila melanogaster,Ef1alpha48D,36271,
Homo sapiens,EFEMP1,2202,Mus musculus,Efemp1,216616,
Homo sapiens,EEF2,1938,Caenorhabditis elegans,eef-2,172743,
Homo sapiens,RGS7,6000,Caenorhabditis elegans,egl-10,179707,
Homo sapiens,RGS6,9628,Caenorhabditis elegans,egl-10,179707,
Homo sapiens,PCSK2,5126,Caenorhabditis elegans,egl-3,179412,
Homo sapiens,PRKG1,5592,Caenorhabditis elegans,pkg-1,176991,
Homo sapiens,EIF3A,8661,Caenorhabditis elegans,egl-45,176094,
Homo sapiens,MTA1,9112,Caenorhabditis elegans,lin-40,178788,
Homo sapiens,MTA3,57504,Caenorhabditis elegans,lin-40,178788,
Homo sapiens,MTA2,9219,Caenorhabditis elegans,lin-40,178788,
Homo sapiens,EIF3B,8662,Caenorhabditis elegans,eif-3.B,175138,
Homo sapiens,EIF3F,8665,Caenorhabditis elegans,eif-3.F,174478,
Homo sapiens,GATA5,140628,Caenorhabditis elegans,elt-6,176993,
Homo sapiens,GATA6,2627,Caenorhabditis elegans,elt-6,176993,
Homo sapiens,GATA4,2626,Caenorhabditis elegans,elt-6,176993,
Homo sapiens,GATA1,2623,Caenorhabditis elegans,elt-6,176993,
Homo sapiens,EPC1,80314,Caenorhabditis elegans,epc-1,176679,
Homo sapiens,EPC2,26122,Caenorhabditis elegans,epc-1,176679,
Homo sapiens,ERCC2,2068,Mus musculus,Ercc2,13871,
Homo sapiens,ERCC4,2072,Mus musculus,Ercc4,50505,
Homo sapiens,MSN,4478,Caenorhabditis elegans,erm-1,172174,
Homo sapiens,RDX,5962,Caenorhabditis elegans,erm-1,172174,
Homo sapiens,EZR,7430,Caenorhabditis elegans,erm-1,172174,
Homo sapiens,ERO1LB,56605,Caenorhabditis elegans,ero-1,173325,
Homo sapiens,ERO1L,30001,Caenorhabditis elegans,ero-1,173325,
Homo sapiens,QARS,5859,Caenorhabditis elegans,qars-1,178415,
Homo sapiens,TKT,7086,Caenorhabditis elegans,tkt-1,177906,
Homo sapiens,TKTL2,84076,Caenorhabditis elegans,tkt-1,177906,
Homo sapiens,SNRPC,6631,Caenorhabditis elegans,F08B4.7,177674,
Homo sapiens,CDCP2,200008,Caenorhabditis elegans,clec-227,184216,
Homo sapiens,MRPS9,64965,Caenorhabditis elegans,mrps-9,184267,
Homo sapiens,SLC25A44,9673,Caenorhabditis elegans,F13G3.7,172478,
Homo sapiens,POLR1B,84172,Caenorhabditis elegans,F14B4.3,172752,
Homo sapiens,MLL5,55904,Caenorhabditis elegans,set-9,177196,
Homo sapiens,SETD5,55209,Caenorhabditis elegans,set-9,177196,
Homo sapiens,UCKL1,54963,Caenorhabditis elegans,F19B6.1,178181,
Homo sapiens,RBBP5,5929,Caenorhabditis elegans,F21H12.1,174019,
Homo sapiens,IFT122,55764,Caenorhabditis elegans,daf-10,184883,
Homo sapiens,SYMPK,8189,Caenorhabditis elegans,symk-1,182490,
Homo sapiens,TMEM180,79847,Caenorhabditis elegans,F28B3.5,172111,
Homo sapiens,SLC27A4,10999,Caenorhabditis elegans,acs-20,178190,
Homo sapiens,SLC27A1,376497,Caenorhabditis elegans,acs-20,178190,
Homo sapiens,USP48,84196,Caenorhabditis elegans,usp-48,172782,
Homo sapiens,SACM1L,22908,Caenorhabditis elegans,sac-1,172778,
Homo sapiens,MRPL1,65008,Caenorhabditis elegans,F33D4.5,177549,
Homo sapiens,FAM58A,92002,Caenorhabditis elegans,CELE_F43D2.1,185704,
Homo sapiens,MTCH2,23788,Caenorhabditis elegans,mtch-1,174207,
Homo sapiens,MTCH1,23787,Caenorhabditis elegans,mtch-1,174207,
Homo sapiens,IDH3A,3419,Caenorhabditis elegans,idha-1,172655,
Homo sapiens,XDH,7498,Caenorhabditis elegans,F55B11.1,178381,
Homo sapiens,AOX1,316,Caenorhabditis elegans,F55B11.1,178381,
Homo sapiens,TRNT1,51095,Caenorhabditis elegans,hpo-31,3565786,
Homo sapiens,PRKAB2,5565,Caenorhabditis elegans,aakb-1,181492,
Homo sapiens,PRKAB1,5564,Caenorhabditis elegans,aakb-1,181492,
Homo sapiens,MRPL24,79590,Caenorhabditis elegans,mrpl-24,172204,
Homo sapiens,IDH1,3417,Caenorhabditis elegans,idh-1,177775,
Homo sapiens,EXOSC3,51010,Caenorhabditis elegans,exos-3,186604,
Homo sapiens,NDUFB10,4716,Caenorhabditis elegans,CELE_F59C6.5,172933,
Homo sapiens,SCD,6319,Caenorhabditis elegans,fat-7,179100,
Homo sapiens,SCD5,79966,Caenorhabditis elegans,fat-7,179100,
Homo sapiens,FBP1,2203,Caenorhabditis elegans,fbp-1,266822,
Homo sapiens,FBP2,8789,Caenorhabditis elegans,fbp-1,266822,
Homo sapiens,FBP1,2203,Saccharomyces cerevisiae,FBP1,851092,
Homo sapiens,FBP2,8789,Saccharomyces cerevisiae,FBP1,851092,
Homo sapiens,FGF23,8074,Mus musculus,Fgf23,64654,
Homo sapiens,FIS1,51024,Saccharomyces cerevisiae,FIS1,854745,
Homo sapiens,KRBA2,124751,Saccharomyces cerevisiae,FOB1,851688,
Homo sapiens,FOXM1,2305,Mus musculus,Foxm1,14235,
Homo sapiens,YWHAZ,7534,Caenorhabditis elegans,ftt-2,181348,
Homo sapiens,YWHAB,7529,Caenorhabditis elegans,ftt-2,181348,
Homo sapiens,FXN,2395,Mus musculus,Fxn,14297,
Homo sapiens,AP3D1,8943,Drosophila melanogaster,g,44819,
Homo sapiens,NDUFS2,4720,Caenorhabditis elegans,gas-1,181646,
Homo sapiens,GCLC,2729,Drosophila melanogaster,Gclc,53581,
Homo sapiens,GCLM,2730,Drosophila melanogaster,Gclm,248194,
Homo sapiens,GDI2,2665,Caenorhabditis elegans,gdi-1,178402,
Homo sapiens,GDI1,2664,Caenorhabditis elegans,gdi-1,178402,
Homo sapiens,GH1,2688,Mus musculus,Gh,14599,
Homo sapiens,CSH2,1443,Mus musculus,Gh,14599,
Homo sapiens,CSHL1,1444,Mus musculus,Gh,14599,
Homo sapiens,GHR,2690,Mus musculus,Ghr,14600,
Homo sapiens,GHRHR,2692,Mus musculus,Ghrhr,14602,
Homo sapiens,TSC2,7249,Drosophila melanogaster,gig,40201,
Homo sapiens,NOTCH2,4853,Caenorhabditis elegans,glp-1,176286,
Homo sapiens,NOTCH3,4854,Caenorhabditis elegans,glp-1,176286,
Homo sapiens,NOTCH4,4855,Caenorhabditis elegans,glp-1,176286,
Homo sapiens,PIP4K2A,5305,Caenorhabditis elegans,gpc-1,181424,
Homo sapiens,GNG12,55970,Caenorhabditis elegans,gpc-1,181424,
Homo sapiens,GNG2,54331,Caenorhabditis elegans,gpc-1,181424,
Homo sapiens,GNG4,2786,Caenorhabditis elegans,gpc-1,181424,
Homo sapiens,GNG3,2785,Caenorhabditis elegans,gpc-1,181424,
Homo sapiens,GNG8,94235,Caenorhabditis elegans,gpc-1,181424,
Homo sapiens,GNG5,2787,Caenorhabditis elegans,gpc-1,181424,
Homo sapiens,GNG11,2791,Caenorhabditis elegans,gpc-1,181424,
Homo sapiens,GAPDH,2597,Caenorhabditis elegans,gpd-2,3565504,
Homo sapiens,GPI,2821,Caenorhabditis elegans,gpi-1,173227,
Homo sapiens,TRIT1,54802,Caenorhabditis elegans,gro-1,175725,
Homo sapiens,ATP5A1,498,Caenorhabditis elegans,H28O16.1,173134,
Homo sapiens,RBBP4,5928,Saccharomyces cerevisiae,HAT2,856654,
Homo sapiens,RBBP7,5931,Saccharomyces cerevisiae,HAT2,856654,
Homo sapiens,HELLS,3070,Mus musculus,Hells,15201,
Homo sapiens,H3F3A,3020,Caenorhabditis elegans,his-71,181057,
Homo sapiens,H3F3B,3020,Caenorhabditis elegans,his-71,181057,
Homo sapiens,HOOK3,84376,Drosophila melanogaster,hk,35169,
Homo sapiens,HOOK1,51361,Drosophila melanogaster,hk,35169,
Homo sapiens,HOOK2,29911,Drosophila melanogaster,hk,35169,
Homo sapiens,HIPK3,10114,Caenorhabditis elegans,hpk-1,180695,
Homo sapiens,HIPK1,204851,Caenorhabditis elegans,hpk-1,180695,
Homo sapiens,HNRNPA3,220988,Caenorhabditis elegans,hrp-1,177101,
Homo sapiens,HNRNPA1,3178,Caenorhabditis elegans,hrp-1,177101,
Homo sapiens,HNRNPA1L2,144983,Caenorhabditis elegans,hrp-1,177101,
Homo sapiens,HSF2,3298,Caenorhabditis elegans,hsf-1,173078,
Homo sapiens,HSPA5,3309,Caenorhabditis elegans,hsp-4,174203,
Homo sapiens,HSPA9,3313,Caenorhabditis elegans,hsp-6,178873,
Homo sapiens,SIRT3,23410,Saccharomyces cerevisiae,HST2,856092,
Homo sapiens,SIRT2,22933,Saccharomyces cerevisiae,HST2,856092,
Homo sapiens,HTR1B,3351,Mus musculus,Htr1b,15551,
Homo sapiens,HUS1,3364,Caenorhabditis elegans,hus-1,171939,
Homo sapiens,HUS1B,135458,Caenorhabditis elegans,hus-1,171939,
Homo sapiens,GCK,2645,Saccharomyces cerevisiae,HXK2,852639,
Homo sapiens,HK2,3099,Saccharomyces cerevisiae,HXK2,852639,
Homo sapiens,HKDC1,80201,Saccharomyces cerevisiae,HXK2,852639,
Homo sapiens,IDH3A,3419,Saccharomyces cerevisiae,IDH2,854303,
Homo sapiens,EIF5A,1984,Caenorhabditis elegans,iff-1,176373,
Homo sapiens,EIF5A2,56648,Caenorhabditis elegans,iff-1,176373,
Homo sapiens,EIF4G3,8672,Caenorhabditis elegans,ifg-1,174322,
Homo sapiens,EIF4G1,1981,Caenorhabditis elegans,ifg-1,174322,
Homo sapiens,RABL5,64792,Caenorhabditis elegans,ifta-2,189055,
Homo sapiens,IGF1,3479,Mus musculus,Igf1,16000,
Homo sapiens,IGF1R,3480,Mus musculus,Igf1r,16001,
Homo sapiens,SLC13A2,9058,Drosophila melanogaster,Indy,40049,
Homo sapiens,SLC13A5,284111,Drosophila melanogaster,Indy,40049,
Homo sapiens,SLC13A1,6561,Drosophila melanogaster,Indy,40049,
Homo sapiens,SLC13A3,64849,Drosophila melanogaster,Indy,40049,
Homo sapiens,EIF4A2,1974,Caenorhabditis elegans,inf-1,175966,
Homo sapiens,EIF4A1,1973,Caenorhabditis elegans,inf-1,175966,
Homo sapiens,IGF1R,3480,Drosophila melanogaster,InR,42549,
Homo sapiens,INSR,3643,Drosophila melanogaster,InR,42549,
Homo sapiens,INSRR,3645,Drosophila melanogaster,InR,42549,
Homo sapiens,INSR,3643,Mus musculus,Insr,16337,
Homo sapiens,IRS1,3667,Mus musculus,Irs1,16367,
Homo sapiens,IRS2,8660,Mus musculus,Irs2,384783,
Homo sapiens,UQCRFS1,7386,Caenorhabditis elegans,isp-1,177609,
Homo sapiens,MAPK10,5602,Caenorhabditis elegans,jnk-1,177460,
Homo sapiens,MAPK8,5599,Caenorhabditis elegans,jnk-1,177460,
Homo sapiens,MAPK9,5601,Caenorhabditis elegans,jnk-1,177460,
Homo sapiens,MRPL10,124995,Caenorhabditis elegans,mrpl-10,186840,
Homo sapiens,SLC25A32,81034,Caenorhabditis elegans,K01C8.7,186841,
Homo sapiens,EIF2S2,8894,Caenorhabditis elegans,iftb-1,172584,
Homo sapiens,TBCE,6905,Caenorhabditis elegans,K07H8.1,177624,
Homo sapiens,UGP2,7360,Caenorhabditis elegans,K08E3.5,176814,
Homo sapiens,VEPH1,79674,Caenorhabditis elegans,K10B4.3,173397,
Homo sapiens,PAPD4,167153,Caenorhabditis elegans,pup-2,175708,
Homo sapiens,ZCCHC6,79670,Caenorhabditis elegans,cid-1,175707,
Homo sapiens,ZCCHC11,23318,Caenorhabditis elegans,cid-1,175707,
Homo sapiens,MRPS27,23107,Caenorhabditis elegans,K11B4.1,173349,
Homo sapiens,CGRRF1,10668,Caenorhabditis elegans,K11D12.9,178892,
Homo sapiens,KL,9365,Mus musculus,Kl,16591,
Homo sapiens,KRIT1,889,Caenorhabditis elegans,kri-1,191275,
Homo sapiens,MAPK1,5594,Saccharomyces cerevisiae,KSS1,852931,
Homo sapiens,MAPK3,5595,Saccharomyces cerevisiae,KSS1,852931,
Homo sapiens,CERS4,79603,Saccharomyces cerevisiae,LAG1,856386,
Homo sapiens,CERS5,91012,Saccharomyces cerevisiae,LAG1,856386,
Homo sapiens,CERS6,253782,Saccharomyces cerevisiae,LAG1,856386,
Homo sapiens,CERS2,29956,Saccharomyces cerevisiae,LAG1,856386,
Homo sapiens,CERS3,204219,Saccharomyces cerevisiae,LAG1,856386,
Homo sapiens,DLAT,1737,Saccharomyces cerevisiae,LAT1,855653,
Homo sapiens,FABP3,2170,Caenorhabditis elegans,lbp-6,172390,
Homo sapiens,FABP4,2167,Caenorhabditis elegans,lbp-6,172390,
Homo sapiens,FABP7,2173,Caenorhabditis elegans,lbp-6,172390,
Homo sapiens,FABP9,646480,Caenorhabditis elegans,lbp-6,172390,
Homo sapiens,FABP12,646486,Caenorhabditis elegans,lbp-6,172390,
Homo sapiens,FABP5,2171,Caenorhabditis elegans,lbp-6,172390,
Homo sapiens,FABP3,2170,Caenorhabditis elegans,lbp-7,191701,
Homo sapiens,FABP4,2167,Caenorhabditis elegans,lbp-7,191701,
Homo sapiens,FABP7,2173,Caenorhabditis elegans,lbp-7,191701,
Homo sapiens,FABP9,646480,Caenorhabditis elegans,lbp-7,191701,
Homo sapiens,FABP12,646486,Caenorhabditis elegans,lbp-7,191701,
Homo sapiens,FABP5,2171,Caenorhabditis elegans,lbp-7,191701,
Homo sapiens,LDB1,8861,Caenorhabditis elegans,ldb-1,181292,
Homo sapiens,LDB2,9079,Caenorhabditis elegans,ldb-1,181292,
Homo sapiens,LEMD2,221496,Caenorhabditis elegans,lem-2,175058,
Homo sapiens,LEMD3,23592,Caenorhabditis elegans,lem-2,175058,
Homo sapiens,KRAS,3845,Caenorhabditis elegans,let-60,178104,
Homo sapiens,NRAS,4893,Caenorhabditis elegans,let-60,178104,
Homo sapiens,CASK,8573,Caenorhabditis elegans,lin-2,181400,
Homo sapiens,BTRC,8945,Caenorhabditis elegans,lin-23,174058,
Homo sapiens,DLD,1738,Caenorhabditis elegans,dld-1,178387,
Homo sapiens,LMNB1,4001,Caenorhabditis elegans,lmn-1,172687,
Homo sapiens,LMNA,4000,Caenorhabditis elegans,lmn-1,172687,
Homo sapiens,LMNA,4000,Mus musculus,Lmna,16905,
Homo sapiens,NDUFS4,4724,Caenorhabditis elegans,lpd-5,172037,
Homo sapiens,LARS2,23395,Caenorhabditis elegans,lars-2,172499,
Homo sapiens,LSM 7.00,51690,Caenorhabditis elegans,lsm-7,177988,
Homo sapiens,VPS41,27072,Drosophila melanogaster,lt,3355130,
Homo sapiens,RABGGTA,5875,Caenorhabditis elegans,M57.2,177113,
Homo sapiens,MAGOHB,55110,Caenorhabditis elegans,mag-1,173073,
Homo sapiens,MAGOH,4116,Caenorhabditis elegans,mag-1,173073,
Homo sapiens,PLEKHH2,130271,Caenorhabditis elegans,max-1,179794,
Homo sapiens,PLEKHH1,57475,Caenorhabditis elegans,max-1,179794,
Homo sapiens,MCM2,4171,Caenorhabditis elegans,mcm-2,174841,
Homo sapiens,MCM2,4171,Mus musculus,Mcm2,17216,
Homo sapiens,MDH2,4191,Caenorhabditis elegans,mdh-2,175936,
Homo sapiens,RBPMS2,348093,Caenorhabditis elegans,mec-8,172771,
Homo sapiens,RBPMS,11030,Caenorhabditis elegans,mec-8,172771,
Homo sapiens,ATR,545,Saccharomyces cerevisiae,MEC1,852433,
Homo sapiens,SDHC,6391,Caenorhabditis elegans,mev-1,260040,
Homo sapiens,MGAT5,4249,Mus musculus,Mgat5,107895,
Homo sapiens,MAP2K4,6416,Caenorhabditis elegans,mkk-4,185682,
Homo sapiens,MKNK1,8569,Caenorhabditis elegans,mnk-1,174623,
Homo sapiens,MKNK2,2872,Caenorhabditis elegans,mnk-1,174623,
Homo sapiens,SLC6A4,6532,Caenorhabditis elegans,mod-5,171879,
Homo sapiens,ABCC5,10057,Caenorhabditis elegans,mrp-5,181587,
Homo sapiens,ABCC12,94160,Caenorhabditis elegans,mrp-5,181587,
Homo sapiens,ABCC11,85320,Caenorhabditis elegans,mrp-5,181587,
Homo sapiens,MARS,4141,Caenorhabditis elegans,mars-1,178089,
Homo sapiens,MSH2,4436,Mus musculus,Msh2,17685,
Homo sapiens,MSRA,4482,Drosophila melanogaster,Eip71CD,39675,
Homo sapiens,MSRA,4482,Mus musculus,Msra,110265,
Homo sapiens,MLX,6945,Caenorhabditis elegans,mxl-2,175184,
Homo sapiens,MSRA,4482,Saccharomyces cerevisiae,MXR1,856765,
Homo sapiens,ITGB1,3688,Drosophila melanogaster,mys,44885,
Homo sapiens,ITGB2,3689,Drosophila melanogaster,mys,44885,
Homo sapiens,ITGB3,3690,Drosophila melanogaster,mys,44885,
Homo sapiens,ITGB7,3695,Drosophila melanogaster,mys,44885,
Homo sapiens,SLC13A5,284111,Caenorhabditis elegans,nac-3,176429,
Homo sapiens,SLC13A2,9058,Caenorhabditis elegans,nac-3,176429,
Homo sapiens,SLC13A3,64849,Caenorhabditis elegans,nac-3,176429,
Homo sapiens,SLC13A1,6561,Caenorhabditis elegans,nac-3,176429,
Homo sapiens,NEIL1,79661,Mus musculus,Neil1,72774,
Homo sapiens,NF1,4763,Drosophila melanogaster,Nf1,43149,
Homo sapiens,NFIA,4774,Caenorhabditis elegans,nfi-1,174225,
Homo sapiens,NFIX,4784,Caenorhabditis elegans,nfi-1,174225,
Homo sapiens,NFIC,4782,Caenorhabditis elegans,nfi-1,174225,
Homo sapiens,NFIB,4781,Caenorhabditis elegans,nfi-1,174225,
Homo sapiens,NNT,23530,Caenorhabditis elegans,nnt-1,180884,
Homo sapiens,NOS3,4846,Mus musculus,Nos3,18127,
Homo sapiens,NUP85,79902,Caenorhabditis elegans,npp-2,172611,
Homo sapiens,NUP205,23165,Caenorhabditis elegans,npp-3,174823,
Homo sapiens,NARS,4677,Caenorhabditis elegans,nars-1,172442,
Homo sapiens,NRXN3,9369,Caenorhabditis elegans,nrx-1,179503,
Homo sapiens,NRXN1,9378,Caenorhabditis elegans,nrx-1,179503,
Homo sapiens,NRXN2,9379,Caenorhabditis elegans,nrx-1,179503,
Homo sapiens,CNOT3,4849,Caenorhabditis elegans,ntl-3,176614,
Homo sapiens,NDUFV1,4723,Caenorhabditis elegans,nuo-1,174696,
Homo sapiens,NDUFS3,4722,Caenorhabditis elegans,nuo-2,172363,
Homo sapiens,NDUFA10,4705,Caenorhabditis elegans,nuo-4,176001,
Homo sapiens,NDUFS1,4719,Caenorhabditis elegans,nuo-5,178735,
Homo sapiens,SLC15A1,6564,Caenorhabditis elegans,pept-1,180919,
Homo sapiens,SLC15A2,6565,Caenorhabditis elegans,pept-1,180919,
Homo sapiens,IFT172,26160,Caenorhabditis elegans,osm-1,181715,
Homo sapiens,KIF17,57576,Caenorhabditis elegans,osm-3,177141,
Homo sapiens,IFT88,8100,Caenorhabditis elegans,osm-5,180585,
Homo sapiens,IFT52,51098,Caenorhabditis elegans,osm-6,179631,
Homo sapiens,PABPC1,26986,Caenorhabditis elegans,pab-1,172920,
Homo sapiens,PABPC3,5042,Caenorhabditis elegans,pab-1,172920,
Homo sapiens,PABPC4,8761,Caenorhabditis elegans,pab-1,172920,
Homo sapiens,PABPC1L,80336,Caenorhabditis elegans,pab-1,172920,
Homo sapiens,PABPC1,26986,Caenorhabditis elegans,pab-2,181473,
Homo sapiens,PABPC3,5042,Caenorhabditis elegans,pab-2,181473,
Homo sapiens,PABPC4,8761,Caenorhabditis elegans,pab-2,181473,
Homo sapiens,PABPC1L,80336,Caenorhabditis elegans,pab-2,181473,
Homo sapiens,PAPPA,5069,Mus musculus,Pappa,18491,
Homo sapiens,YWHAZ,7534,Caenorhabditis elegans,par-5,178113,
Homo sapiens,YWHAB,7529,Caenorhabditis elegans,par-5,178113,
Homo sapiens,ILK,3611,Caenorhabditis elegans,pat-4,175175,
Homo sapiens,PARVA,55742,Caenorhabditis elegans,pat-6,176848,
Homo sapiens,PARVB,29780,Caenorhabditis elegans,pat-6,176848,
Homo sapiens,PAWR,5074,Mus musculus,Pawr,114774,
Homo sapiens,PCK1,5105,Mus musculus,Pck1,18534,
Homo sapiens,PCMT1,5110,Drosophila melanogaster,Pcmt,40668,
Homo sapiens,PDPK1,5170,Caenorhabditis elegans,pdk-1,180475,
Homo sapiens,PHB,5245,Saccharomyces cerevisiae,PHB1,853033,
Homo sapiens,PHB2,11331,Saccharomyces cerevisiae,PHB2,853146,
Homo sapiens,POU1F1,5449,Mus musculus,Pou1f1,18736,
Homo sapiens,PLAU,5328,Mus musculus,Plau,18792,
Homo sapiens,PANK1,53354,Caenorhabditis elegans,pnk-1,172327,
Homo sapiens,PANK2,80025,Caenorhabditis elegans,pnk-1,172327,
Homo sapiens,PANK3,79646,Caenorhabditis elegans,pnk-1,172327,
Homo sapiens,CORO7,79585,Caenorhabditis elegans,pod-1,176784,
Homo sapiens,POLG,5428,Mus musculus,Polg,18975,
Homo sapiens,SH3RF1,57630,Drosophila melanogaster,POSH,36990,
Homo sapiens,PPM1D,8493,Mus musculus,Ppm1d,53892,
Homo sapiens,PRDX2,7001,Caenorhabditis elegans,prdx-2,266858,
Homo sapiens,PRDX1,5052,Caenorhabditis elegans,prdx-2,266858,
Homo sapiens,PRDX3,10935,Caenorhabditis elegans,prdx-3,175573,
Homo sapiens,PRDX1,5052,Mus musculus,Prdx1,18477,
Homo sapiens,PROP1,5626,Mus musculus,Prop1,19127,
Homo sapiens,PEX5,5830,Caenorhabditis elegans,prx-5,174392,
Homo sapiens,DUSP8,1850,Drosophila melanogaster,puc,40958,
Homo sapiens,DUSP16,80824,Drosophila melanogaster,puc,40958,
Homo sapiens,CCDC22,28952,Caenorhabditis elegans,R08E3.3,180757,
Homo sapiens,PCK2,5106,Caenorhabditis elegans,pck-2,172556,
Homo sapiens,PCK1,5105,Caenorhabditis elegans,pck-2,172556,
Homo sapiens,RAB7A,7879,Caenorhabditis elegans,rab-7,174834,
Homo sapiens,FEN1,2237,Saccharomyces cerevisiae,RAD27,853747,
Homo sapiens,RAD50,10111,Saccharomyces cerevisiae,RAD50,855471,
Homo sapiens,RAD51,5888,Saccharomyces cerevisiae,RAD51,856831,
Homo sapiens,RAD52,5893,Saccharomyces cerevisiae,RAD52,854976,
Homo sapiens,RAE1,8480,Mus musculus,Rae1,66679,
Homo sapiens,RALA,5898,Caenorhabditis elegans,ral-1,175433,
Homo sapiens,RALB,5899,Caenorhabditis elegans,ral-1,175433,
Homo sapiens,RRAS2,22800,Saccharomyces cerevisiae,RAS1,854268,
Homo sapiens,RRAS,6237,Saccharomyces cerevisiae,RAS1,854268,
Homo sapiens,RRAS2,22800,Saccharomyces cerevisiae,RAS2,855625,
Homo sapiens,RRAS,6237,Saccharomyces cerevisiae,RAS2,855625,
Homo sapiens,AP3B1,8546,Drosophila melanogaster,rb,31381,
Homo sapiens,AP3B2,8120,Drosophila melanogaster,rb,31381,
Homo sapiens,ZNF622,90441,Saccharomyces cerevisiae,REI1,852569,
Homo sapiens,DHX37,57647,Caenorhabditis elegans,rha-2,176207,
Homo sapiens,ARHGDIB,397,Caenorhabditis elegans,rhi-1,180721,
Homo sapiens,ARHGDIA,396,Caenorhabditis elegans,rhi-1,180721,
Homo sapiens,PARL,55486,Drosophila melanogaster,rho-7,36281,
Homo sapiens,SNAP25,6616,Caenorhabditis elegans,ric-4,179427,
Homo sapiens,SNAP23,8773,Caenorhabditis elegans,ric-4,179427,
Homo sapiens,RC3H1,149041,Caenorhabditis elegans,rle-1,176525,
Homo sapiens,RC3H2,54542,Caenorhabditis elegans,rle-1,176525,
Homo sapiens,RNF185,91445,Caenorhabditis elegans,rnf-5,175532,
Homo sapiens,RNF5,6048,Caenorhabditis elegans,rnf-5,175532,
Homo sapiens,HDAC2,3066,Saccharomyces cerevisiae,RPD3,855386,
Homo sapiens,HDAC1,3065,Saccharomyces cerevisiae,RPD3,855386,
Homo sapiens,HDAC2,3066,Drosophila melanogaster,Rpd3,38565,
Homo sapiens,HDAC1,3065,Drosophila melanogaster,Rpd3,38565,
Homo sapiens,RPL19,6143,Caenorhabditis elegans,rpl-19,172201,
Homo sapiens,RPL4,6124,Caenorhabditis elegans,rpl-4,172074,
Homo sapiens,RPL9,6133,Caenorhabditis elegans,rpl-9,176071,
Homo sapiens,RPL10L,140801,Saccharomyces cerevisiae,RPL10,850764,
Homo sapiens,RPL31,6160,Saccharomyces cerevisiae,RPL31A,851484,
Homo sapiens,RPL6,6128,Saccharomyces cerevisiae,RPL6B,851169,
Homo sapiens,POLRMT,5442,Saccharomyces cerevisiae,RPO41,850507,
Homo sapiens,RPS10,6204,Caenorhabditis elegans,rps-10,172061,
Homo sapiens,RPS11,6205,Caenorhabditis elegans,rps-11,178083,
Homo sapiens,RPS15,6209,Caenorhabditis elegans,rps-15,172693,
Homo sapiens,RPS15A,6210,Caenorhabditis elegans,rps-22,175338,
Homo sapiens,RPS23,6228,Caenorhabditis elegans,rps-23,178188,
Homo sapiens,RPS26,6231,Caenorhabditis elegans,rps-26,173342,
Homo sapiens,RPS3,6188,Caenorhabditis elegans,rps-3,175879,
Homo sapiens,RPS5,6193,Caenorhabditis elegans,rps-5,178012,
Homo sapiens,RPS6,6194,Caenorhabditis elegans,rps-6,173260,
Homo sapiens,RPS18,6222,Saccharomyces cerevisiae,RPS18A,852061,
Homo sapiens,RPS6,6194,Saccharomyces cerevisiae,RPS6B,852479,
Homo sapiens,RPS6KB1,6198,Caenorhabditis elegans,rsks-1,176554,
Homo sapiens,RPS6KB2,6199,Caenorhabditis elegans,rsks-1,176554,
Homo sapiens,MITF,4286,Saccharomyces cerevisiae,RTG3,852171,
Homo sapiens,TFEB,7942,Saccharomyces cerevisiae,RTG3,852171,
Homo sapiens,ADCY1,107,Drosophila melanogaster,rut,32406,
Homo sapiens,XDH,7498,Drosophila melanogaster,ry,41605,
Homo sapiens,RPS6KB1,6198,Drosophila melanogaster,S6k,38654,
Homo sapiens,RPS6KB2,6199,Drosophila melanogaster,S6k,38654,
Homo sapiens,MAT2A,4144,Caenorhabditis elegans,sams-1,181370,
Homo sapiens,MAT1A,4143,Caenorhabditis elegans,sams-1,181370,
Homo sapiens,SCG5,6447,Caenorhabditis elegans,sbt-1,180366,
Homo sapiens,ATP2A1,487,Caenorhabditis elegans,sca-1,176512,
Homo sapiens,ATP2A3,489,Caenorhabditis elegans,sca-1,176512,
Homo sapiens,ALK,238,Caenorhabditis elegans,scd-2,179054,
Homo sapiens,LTK,4058,Caenorhabditis elegans,scd-2,179054,
Homo sapiens,SGCD,6444,Drosophila melanogaster,Scgdelta,31129,
Homo sapiens,SGCZ,137868,Drosophila melanogaster,Scgdelta,31129,
Homo sapiens,SGCG,6445,Drosophila melanogaster,Scgdelta,31129,
Homo sapiens,CRISP3,10321,Caenorhabditis elegans,scl-1,186053,
Homo sapiens,CRISP2,7180,Caenorhabditis elegans,scl-1,186053,
Homo sapiens,CRISP1,167,Caenorhabditis elegans,scl-1,186053,
Homo sapiens,GLIPR1,11010,Caenorhabditis elegans,scl-1,186053,
Homo sapiens,TAGLN2,8407,Saccharomyces cerevisiae,SCP1,854549,
Homo sapiens,TAGLN3,29114,Saccharomyces cerevisiae,SCP1,854549,
Homo sapiens,TAGLN,6876,Saccharomyces cerevisiae,SCP1,854549,
Homo sapiens,CNN1,1264,Saccharomyces cerevisiae,SCP1,854549,
Homo sapiens,CNN2,1265,Saccharomyces cerevisiae,SCP1,854549,
Homo sapiens,SDHB,6390,Drosophila melanogaster,SdhB,35590,
Homo sapiens,SDHC,6391,Drosophila melanogaster,SdhC,41340,
Homo sapiens,GAK,2580,Caenorhabditis elegans,sel-5,175599,
Homo sapiens,GRB2,2885,Caenorhabditis elegans,sem-5,181055,
Homo sapiens,GRAP,10750,Caenorhabditis elegans,sem-5,181055,
Homo sapiens,SGK1,6446,Caenorhabditis elegans,sgk-1,181697,
Homo sapiens,SGK3,23678,Caenorhabditis elegans,sgk-1,181697,
Homo sapiens,SGK2,10110,Caenorhabditis elegans,sgk-1,181697,
Homo sapiens,BLM,641,Saccharomyces cerevisiae,SGS1,855228,
Homo sapiens,PRKAB2,5565,Saccharomyces cerevisiae,SIP2,852664,
Homo sapiens,PRKAB1,5564,Saccharomyces cerevisiae,SIP2,852664,
Homo sapiens,SIRT1,23411,Caenorhabditis elegans,sir-2.1,177924,
Homo sapiens,SIRT1,23411,Drosophila melanogaster,Sir2,34708,
Homo sapiens,ORC1,4998,Saccharomyces cerevisiae,SIR3,851163,
Homo sapiens,SIRT2,22933,Drosophila melanogaster,Sirt2,42414,
Homo sapiens,SIRT6,51548,Mus musculus,Sirt6,50721,
Homo sapiens,NFE2L1,4779,Caenorhabditis elegans,skn-1,177343,
Homo sapiens,NFE2L3,9603,Caenorhabditis elegans,skn-1,177343,
Homo sapiens,NFE2L2,4780,Caenorhabditis elegans,skn-1,177343,
Homo sapiens,NFE2,4778,Caenorhabditis elegans,skn-1,177343,
Homo sapiens,SKP1,6500,Caenorhabditis elegans,skr-1,172775,
Homo sapiens,SKP1,6500,Caenorhabditis elegans,skr-2,172773,
Homo sapiens,SLC25A4,291,Mus musculus,Slc25a4,11739,
Homo sapiens,SMEK1,55671,Caenorhabditis elegans,smk-1,179243,
Homo sapiens,SMEK2,57223,Caenorhabditis elegans,smk-1,179243,
Homo sapiens,SMN2,6606,Caenorhabditis elegans,smn-1,172783,
Homo sapiens,SMN1,6606,Caenorhabditis elegans,smn-1,172783,
Homo sapiens,PRKAA2,5563,Saccharomyces cerevisiae,SNF1,852088,
Homo sapiens,PRKAA1,5562,Saccharomyces cerevisiae,SNF1,852088,
Homo sapiens,PRKAG2,51422,Saccharomyces cerevisiae,SNF4,852763,
Homo sapiens,PRKAG1,5571,Saccharomyces cerevisiae,SNF4,852763,
Homo sapiens,PRKAG3,53632,Saccharomyces cerevisiae,SNF4,852763,
Homo sapiens,SOD1,6647,Saccharomyces cerevisiae,SOD1,853568,
Homo sapiens,SOD1,6647,Drosophila melanogaster,Sod,39251,
Homo sapiens,SOD2,6648,Saccharomyces cerevisiae,SOD2,856399,
Homo sapiens,SOD2,6648,Drosophila melanogaster,Sod2,36878,
Homo sapiens,SGPL1,8879,Caenorhabditis elegans,spl-1,176857,
Homo sapiens,SUPT4H1,6827,Caenorhabditis elegans,spt-4,175172,
Homo sapiens,STUB1,10273,Mus musculus,Stub1,56424,
Homo sapiens,ATP5E,514,Drosophila melanogaster,sun,44046,
Homo sapiens,SURF1,6834,Drosophila melanogaster,Surf1,44498,
Homo sapiens,SURF1,6834,Mus musculus,Surf1,20930,
Homo sapiens,PPFIA1,8500,Caenorhabditis elegans,syd-2,181255,
Homo sapiens,PPFIA2,8499,Caenorhabditis elegans,syd-2,181255,
Homo sapiens,PPFIA3,8541,Caenorhabditis elegans,syd-2,181255,
Homo sapiens,UQCRB,7381,Caenorhabditis elegans,T02H6.11,173459,
Homo sapiens,BLM,641,Caenorhabditis elegans,him-6,178201,
Homo sapiens,RRP8,23378,Caenorhabditis elegans,T07A9.8,176864,
Homo sapiens,NDUFS8,4728,Caenorhabditis elegans,T20H4.5,176023,
Homo sapiens,PPFIBP1,8496,Caenorhabditis elegans,hlb-1,181499,
Homo sapiens,PPFIBP2,8495,Caenorhabditis elegans,hlb-1,181499,
Homo sapiens,OGDH,4967,Caenorhabditis elegans,ogdh-1,177235,
Homo sapiens,OGDHL,55753,Caenorhabditis elegans,ogdh-1,177235,
Homo sapiens,RAB10,10890,Caenorhabditis elegans,rab-10,266836,
Homo sapiens,PIGB,9488,Caenorhabditis elegans,eif-1,266853,
Homo sapiens,COX6A1,1337,Caenorhabditis elegans,tag-174,175693,
Homo sapiens,COX6A2,1339,Caenorhabditis elegans,tag-174,175693,
Homo sapiens,LATS1,9113,Caenorhabditis elegans,wts-1,172896,
Homo sapiens,LATS2,26524,Caenorhabditis elegans,wts-1,172896,
Homo sapiens,TES,26136,Caenorhabditis elegans,tes-1,177515,
Homo sapiens,LMCD1,29995,Caenorhabditis elegans,tes-1,177515,
Homo sapiens,ATP6V1B2,526,Caenorhabditis elegans,spe-5,172137,
Homo sapiens,ATP6V1B1,525,Caenorhabditis elegans,spe-5,172137,
Homo sapiens,VPS36,51028,Caenorhabditis elegans,vps-36,179520,
Homo sapiens,SLC9A3R1,9368,Caenorhabditis elegans,mpz-2,177736,
Homo sapiens,SLC25A5,292,Caenorhabditis elegans,ant-1.1,176773,
Homo sapiens,SLC25A4,291,Caenorhabditis elegans,ant-1.1,176773,
Homo sapiens,SLC25A6,293,Caenorhabditis elegans,ant-1.1,176773,
Homo sapiens,SLC25A31,83447,Caenorhabditis elegans,ant-1.1,176773,
Homo sapiens,NDUFS2,4720,Caenorhabditis elegans,nduf-2.2,188912,
Homo sapiens,CNGA1,1259,Caenorhabditis elegans,tax-4,176297,
Homo sapiens,CNGA2,1260,Caenorhabditis elegans,tax-4,176297,
Homo sapiens,CNGA4,1262,Caenorhabditis elegans,tax-4,176297,
Homo sapiens,PPP3CA,5530,Caenorhabditis elegans,tax-6,177943,
Homo sapiens,PPP3CB,5532,Caenorhabditis elegans,tax-6,177943,
Homo sapiens,PPP3CC,5533,Caenorhabditis elegans,tax-6,177943,
Homo sapiens,TERF2,7014,Mus musculus,Terf2,21750,
Homo sapiens,TERT,7015,Mus musculus,Tert,21752,
Homo sapiens,TOP 1.00,7150,Caenorhabditis elegans,top-1,266847,
Homo sapiens,TOP1MT,116447,Caenorhabditis elegans,top-1,266847,
Homo sapiens,TOP3B,8940,Mus musculus,Top3b,21976,
Homo sapiens,MTOR,2475,Drosophila melanogaster,Tor,47396,
Homo sapiens,MTOR,2475,Saccharomyces cerevisiae,TOR1,853529,
Homo sapiens,PRKCD,5580,Caenorhabditis elegans,tpa-1,176825,
Homo sapiens,PRKCQ,5588,Caenorhabditis elegans,tpa-1,176825,
Homo sapiens,PRKACB,5567,Saccharomyces cerevisiae,TPK2,855898,
Homo sapiens,PRKACA,5566,Saccharomyces cerevisiae,TPK2,855898,
Homo sapiens,PRKACG,5568,Saccharomyces cerevisiae,TPK2,855898,
Homo sapiens,TP53,7157,Mus musculus,Trp53,22059,
Homo sapiens,TP63,8626,Mus musculus,Trp63,22061,
Homo sapiens,TARS,6897,Caenorhabditis elegans,tars-1,174790,
Homo sapiens,TARSL2,123283,Caenorhabditis elegans,tars-1,174790,
Homo sapiens,TXN,7295,Drosophila melanogaster,Trx-2,34281,
Homo sapiens,TXN,7295,Drosophila melanogaster,TrxT,31443,
Homo sapiens,TSC1,7248,Drosophila melanogaster,Tsc1,42862,
Homo sapiens,TUB,7275,Caenorhabditis elegans,tub-1,174312,
Homo sapiens,TULP3,7289,Caenorhabditis elegans,tub-1,174312,
Homo sapiens,TULP1,7287,Caenorhabditis elegans,tub-1,174312,
Homo sapiens,TUFM,7284,Caenorhabditis elegans,tufm-1,175398,
Homo sapiens,TXN,7295,Mus musculus,Txn1,22166,
Homo sapiens,UBE2N,7334,Caenorhabditis elegans,ubc-13,177073,
Homo sapiens,UBE2NL,389898,Caenorhabditis elegans,ubc-13,177073,
Homo sapiens,UCHL1,7345,Caenorhabditis elegans,ubh-1,179039,
Homo sapiens,UCHL3,7347,Caenorhabditis elegans,ubh-1,179039,
Homo sapiens,UCHL1,7345,Caenorhabditis elegans,ubh-3,259626,
Homo sapiens,UCHL3,7347,Caenorhabditis elegans,ubh-3,259626,
Homo sapiens,UCP2,7351,Drosophila melanogaster,UCP2,7351,
Homo sapiens,UCP2,7351,Mus musculus,Ucp2,22228,
Homo sapiens,UFD1L,7353,Caenorhabditis elegans,ufd-1,3565860,
Homo sapiens,POMP,51371,Saccharomyces cerevisiae,UMP1,852471,
Homo sapiens,RIMS1,22999,Caenorhabditis elegans,unc-10,180990,
Homo sapiens,RIMS2,9699,Caenorhabditis elegans,unc-10,180990,
Homo sapiens,UNC13A,23025,Caenorhabditis elegans,unc-13,172497,
Homo sapiens,UNC13B,10497,Caenorhabditis elegans,unc-13,172497,
Homo sapiens,UNC13C,440279,Caenorhabditis elegans,unc-13,172497,
Homo sapiens,SYNJ1,8867,Caenorhabditis elegans,unc-26,178284,
Homo sapiens,SYNJ2,8871,Caenorhabditis elegans,unc-26,178284,
Homo sapiens,ATP6V0A1,535,Caenorhabditis elegans,unc-32,176257,
Homo sapiens,ATP6V0A4,50617,Caenorhabditis elegans,unc-32,176257,
Homo sapiens,DRGX,644168,Caenorhabditis elegans,unc-4,174544,
Homo sapiens,DMBX1,127343,Caenorhabditis elegans,unc-4,174544,
Homo sapiens,HSPG2,3339,Caenorhabditis elegans,unc-52,175126,
Homo sapiens,CFL2,1073,Caenorhabditis elegans,unc-60,178640,
Homo sapiens,CFL1,1072,Caenorhabditis elegans,unc-60,178640,
Homo sapiens,DSTN,11034,Caenorhabditis elegans,unc-60,178640,
Homo sapiens,MEIS1,4211,Caenorhabditis elegans,unc-62,178845,
Homo sapiens,MEIS2,4212,Caenorhabditis elegans,unc-62,178845,
Homo sapiens,MEIS3,56917,Caenorhabditis elegans,unc-62,178845,
Homo sapiens,STX1A,6804,Caenorhabditis elegans,unc-64,176743,
Homo sapiens,STX1B,112755,Caenorhabditis elegans,unc-64,176743,
Homo sapiens,FEZ2,9637,Caenorhabditis elegans,unc-76,180014,
Homo sapiens,ATP6V1H,51606,Drosophila melanogaster,VhaSFD,34997,
Homo sapiens,VPS16,64601,Caenorhabditis elegans,vps-16,175913,
Homo sapiens,VRK1,7443,Caenorhabditis elegans,vrk-1,174004,
Homo sapiens,VRK2,7444,Caenorhabditis elegans,vrk-1,174004,
Homo sapiens,NOP58,51602,Caenorhabditis elegans,nol-5,171901,
Homo sapiens,SBDS,51119,Caenorhabditis elegans,sbds-1,175218,
Homo sapiens,NOP2,4839,Caenorhabditis elegans,nol-1,173437,
Homo sapiens,COX4I1,1327,Caenorhabditis elegans,CELE_W09C5.8,173237,
Homo sapiens,COX4I2,84701,Caenorhabditis elegans,CELE_W09C5.8,173237,
Homo sapiens,MRPL12,1468,Caenorhabditis elegans,mrpl-12,176495,
Homo sapiens,MECR,51102,Caenorhabditis elegans,mecr-1,174963,
Homo sapiens,WIPF1,7456,Caenorhabditis elegans,wip-1,175681,
Homo sapiens,WIPF2,147179,Caenorhabditis elegans,wip-1,175681,
Homo sapiens,WIPF3,644150,Caenorhabditis elegans,wip-1,175681,
Homo sapiens,WWP2,11060,Caenorhabditis elegans,wwp-1,171647,
Homo sapiens,WWP1,11059,Caenorhabditis elegans,wwp-1,171647,
Homo sapiens,ITCH,83737,Caenorhabditis elegans,wwp-1,171647,
Homo sapiens,XPA,7507,Mus musculus,Xpa,22590,
Homo sapiens,XRCC6,2547,Mus musculus,Xrcc6,14375,
Homo sapiens,MAT2A,4144,Caenorhabditis elegans,sams-2,178446,
Homo sapiens,MAT1A,4143,Caenorhabditis elegans,sams-2,178446,
Homo sapiens,MRPS10,55173,Caenorhabditis elegans,mrps-10,189618,
Homo sapiens,VMO1,284013,Caenorhabditis elegans,CELE_Y39F10C.1,189761,
Homo sapiens,EIF2S3,1968,Caenorhabditis elegans,CELE_Y39G10AR.8,171792,
Homo sapiens,MVK,4598,Caenorhabditis elegans,mvk-1,175863,
Homo sapiens,SLC36A1,206358,Caenorhabditis elegans,Y43F4B.7,259544,
Homo sapiens,SLC36A2,153201,Caenorhabditis elegans,Y43F4B.7,259544,
Homo sapiens,SLC36A3,285641,Caenorhabditis elegans,Y43F4B.7,259544,
Homo sapiens,SLC36A4,120103,Caenorhabditis elegans,Y43F4B.7,259544,
Homo sapiens,PQLC2,54896,Caenorhabditis elegans,Y43H11AL.2,3565323,
Homo sapiens,PRKAB2,5565,Caenorhabditis elegans,aakb-2,176552,
Homo sapiens,PRKAB1,5564,Caenorhabditis elegans,aakb-2,176552,
Homo sapiens,AFG3L2,10939,Caenorhabditis elegans,spg-7,171915,
Homo sapiens,NOP14,8602,Caenorhabditis elegans,Y48G1A.4,171622,
Homo sapiens,NOB1,28987,Caenorhabditis elegans,CELE_Y54E10BR.4,171874,
Homo sapiens,RANBP10,57610,Caenorhabditis elegans,Y54E5A.7,173332,
Homo sapiens,RANBP9,10048,Caenorhabditis elegans,Y54E5A.7,173332,
Homo sapiens,RBM39,9584,Caenorhabditis elegans,Y55F3AM.3,176922,
Homo sapiens,RBM23,55147,Caenorhabditis elegans,Y55F3AM.3,176922,
Homo sapiens,NDUFAB1,4706,Caenorhabditis elegans,Y56A3A.19,176622,
Homo sapiens,CHMP6,79643,Caenorhabditis elegans,vps-20,171654,
Homo sapiens,NACA,4666,Caenorhabditis elegans,Y65B4BR.5,171646,
Homo sapiens,XRCC6,2547,Saccharomyces cerevisiae,YKU70,855328,
Homo sapiens,YARS2,51067,Caenorhabditis elegans,yars-1,177237,
Homo sapiens,MLLT10,8028,Caenorhabditis elegans,zfp-1,176237,
Homo sapiens,MLLT6,4302,Caenorhabditis elegans,zfp-1,176237,
Homo sapiens,RCL1,10171,Caenorhabditis elegans,ZK1127.5,174151,
Homo sapiens,CRISP3,10321,Caenorhabditis elegans,scl-20,191309,
Homo sapiens,CRISP2,7180,Caenorhabditis elegans,scl-20,191309,
Homo sapiens,CRISP1,167,Caenorhabditis elegans,scl-20,191309,
Homo sapiens,GLIPR1,11010,Caenorhabditis elegans,scl-20,191309,
Homo sapiens,DDX51,317781,Caenorhabditis elegans,ZK686.2,176088,
Homo sapiens,ZMPSTE24,10269,Mus musculus,Zmpste24,230709,
Homo sapiens,AGTR1,185,Mus musculus,Agtr1a,11607,
Homo sapiens,APOE,348,Mus musculus,Apoe,11816,
Homo sapiens,CISD2,493856,Mus musculus,Cisd2,67006,
Homo sapiens,CLOCK,9575,Mus musculus,Clock,12753,
Homo sapiens,DMD,1756,Mus musculus,Dmd,13405,
Homo sapiens,EEF1E1,9521,Mus musculus,Eef1e1,66143,
Homo sapiens,FN1,2335,Mus musculus,Fn1,14268,
Homo sapiens,HNRNPD,3184,Mus musculus,Hnrnpd,11991,
Homo sapiens,HTT,3064,Mus musculus,Htt,15194,
Homo sapiens,JUND,3727,Mus musculus,Jund,16478,
Homo sapiens,KCNA3,3738,Mus musculus,Kcna3,16491,
Homo sapiens,PPARG,5468,Mus musculus,Pparg,19016,
Homo sapiens,SIRT7,51547,Mus musculus,Sirt7,209011,
Homo sapiens,SLC13A1,6561,Mus musculus,Slc13a1,55961,
Homo sapiens,SOCS2,8835,Mus musculus,Socs2,216233,
Homo sapiens,SOD2,6648,Mus musculus,Sod2,20656,
Homo sapiens,TOPORS,10210,Mus musculus,Topors,106021,
Homo sapiens,TPP2,7174,Mus musculus,Tpp2,22019,
Homo sapiens,TP53BP1,7158,Mus musculus,Trp53bp1,27223,
Homo sapiens,YWHAE,7531,Drosophila melanogaster,14-3-3epsilon,42186,
Homo sapiens,AKT3,10000,Drosophila melanogaster,Akt1,41957,
Homo sapiens,AKT1,207,Drosophila melanogaster,Akt1,41957,
Homo sapiens,AKT2,208,Drosophila melanogaster,Akt1,41957,
Homo sapiens,MAN1A2,10905,Drosophila melanogaster,alpha-Man-I,31957,
Homo sapiens,MAN1A1,4121,Drosophila melanogaster,alpha-Man-I,31957,
Homo sapiens,MAN1C1,57134,Drosophila melanogaster,alpha-Man-I,31957,
Homo sapiens,ATG2A,23130,Drosophila melanogaster,Atg2,38344,
Homo sapiens,ATG2B,55102,Drosophila melanogaster,Atg2,38344,
Homo sapiens,ATG3,64422,Drosophila melanogaster,Aut1,40044,
Homo sapiens,MAPK10,5602,Drosophila melanogaster,bsk,44801,
Homo sapiens,MAPK8,5599,Drosophila melanogaster,bsk,44801,
Homo sapiens,MAPK9,5601,Drosophila melanogaster,bsk,44801,
Homo sapiens,UQCRB,7381,Drosophila melanogaster,CG17856,43369,
Homo sapiens,C19orf43,79002,Drosophila melanogaster,CG18809,59170,
Homo sapiens,DMD,1756,Drosophila melanogaster,Dys,42327,
Homo sapiens,UTRN,7402,Drosophila melanogaster,Dys,42327,
Homo sapiens,EZH2,2146,Drosophila melanogaster,E(z),39203,
Homo sapiens,EZH1,2145,Drosophila melanogaster,E(z),39203,
Homo sapiens,EDEM2,55741,Drosophila melanogaster,Edem1,31154,
Homo sapiens,EED,8726,Drosophila melanogaster,esc,34595,
Homo sapiens,FXN,2395,Drosophila melanogaster,fh,31845,
Homo sapiens,GADD45G,10912,Drosophila melanogaster,Gadd45,35646,
Homo sapiens,GADD45A,1647,Drosophila melanogaster,Gadd45,35646,
Homo sapiens,GADD45B,4616,Drosophila melanogaster,Gadd45,35646,
Homo sapiens,HPGDS,27306,Drosophila melanogaster,GstS1,36927,
Homo sapiens,HSPA5,3309,Drosophila melanogaster,Hsc70-3,32133,
Homo sapiens,PRDX2,7001,Drosophila melanogaster,Jafrac1,53578,
Homo sapiens,PRDX1,5052,Drosophila melanogaster,Jafrac1,53578,
Homo sapiens,C2orf47,79568,Drosophila melanogaster,CG3776,37996,
Homo sapiens,KEAP1,9817,Drosophila melanogaster,Keap1,42062,
Homo sapiens,GIPC1,10755,Drosophila melanogaster,kermit,46027,
Homo sapiens,GIPC3,126326,Drosophila melanogaster,kermit,46027,
Homo sapiens,GIPC2,54810,Drosophila melanogaster,kermit,46027,
Homo sapiens,NDUFB5,4711,Drosophila melanogaster,l(3)neo18,46260,
Homo sapiens,LBR,3930,Drosophila melanogaster,LBR,37482,
Homo sapiens,TM7SF2,7108,Drosophila melanogaster,LBR,37482,
Homo sapiens,DHCR7,1717,Drosophila melanogaster,LBR,37482,
Homo sapiens,SH2B1,25970,Drosophila melanogaster,Lnk,43130,
Homo sapiens,RGS12,6002,Drosophila melanogaster,loco,42672,
Homo sapiens,SMOC1,64093,Drosophila melanogaster,magu,36048,
Homo sapiens,DHX9,1660,Drosophila melanogaster,mle,35523,
Homo sapiens,APOD,347,Drosophila melanogaster,NLaz,33324,
Homo sapiens,PEX16,9409,Drosophila melanogaster,Pex16,40293,
Homo sapiens,PIK3CB,5291,Drosophila melanogaster,Pi3K92E,42446,
Homo sapiens,PIK3CD,5293,Drosophila melanogaster,Pi3K92E,42446,
Homo sapiens,PRDX5,25824,Drosophila melanogaster,Prx5,3771951,
Homo sapiens,PTEN,5728,Drosophila melanogaster,Pten,43991,
Homo sapiens,ELAVL2,1993,Drosophila melanogaster,Rbp9,33498,
Homo sapiens,ELAVL4,1996,Drosophila melanogaster,Rbp9,33498,
Homo sapiens,ELAVL3,1995,Drosophila melanogaster,Rbp9,33498,
Homo sapiens,ELAVL1,1994,Drosophila melanogaster,Rbp9,33498,
Homo sapiens,PRKAG2,51422,Drosophila melanogaster,SNF4Agamma,42515,
Homo sapiens,PRKAG1,5571,Drosophila melanogaster,SNF4Agamma,42515,
Homo sapiens,SNX25,83891,Drosophila melanogaster,snz,31704,
Homo sapiens,EIF4EBP2,1979,Drosophila melanogaster,Thor,33569,
Homo sapiens,EIF4EBP1,1978,Drosophila melanogaster,Thor,33569,
Homo sapiens,SCYL1,57410,Drosophila melanogaster,yata,43508,
Homo sapiens,G6PD,2539,Drosophila melanogaster,Zw,32974,
Homo sapiens,BCHE,590,Caenorhabditis elegans,ace-1,181706,
Homo sapiens,ADARB2,105,Caenorhabditis elegans,adr-2,176022,
Homo sapiens,ZFAND2B,130617,Caenorhabditis elegans,aip-1,179898,
Homo sapiens,AP3S2,10239,Caenorhabditis elegans,aps-3,171691,
Homo sapiens,AP3S1,1176,Caenorhabditis elegans,aps-3,171691,
Homo sapiens,CANT1,124583,Caenorhabditis elegans,apy-1,181019,
Homo sapiens,ARRB1,408,Caenorhabditis elegans,arr-1,180446,
Homo sapiens,ARRB2,409,Caenorhabditis elegans,arr-1,180446,
Homo sapiens,ARR3,407,Caenorhabditis elegans,arr-1,180446,
Homo sapiens,SAG,6295,Caenorhabditis elegans,arr-1,180446,
Homo sapiens,ASH2L,9070,Caenorhabditis elegans,ash-2,174838,
Homo sapiens,WIPI2,26100,Caenorhabditis elegans,atg-18,179246,
Homo sapiens,WIPI1,55062,Caenorhabditis elegans,atg-18,179246,
Homo sapiens,ATG3,64422,Caenorhabditis elegans,atg-3,176921,
Homo sapiens,ATG4A,115201,Caenorhabditis elegans,atg-4.1,190777,
Homo sapiens,ATG4B,23192,Caenorhabditis elegans,atg-4.1,190777,
Homo sapiens,ATG4D,84971,Caenorhabditis elegans,atg-4.2,3565022,
Homo sapiens,ATG4C,84938,Caenorhabditis elegans,atg-4.2,3565022,
Homo sapiens,ATG9A,79065,Caenorhabditis elegans,atg-9,178561,
Homo sapiens,BUB3,9184,Caenorhabditis elegans,bub-3,175018,
Homo sapiens,LCTL,197021,Caenorhabditis elegans,klo-1,177557,
Homo sapiens,VSX2,338917,Caenorhabditis elegans,ceh-10,175811,
Homo sapiens,VSX1,30813,Caenorhabditis elegans,ceh-10,175811,
Homo sapiens,CLTC,1213,Caenorhabditis elegans,chc-1,176434,
Homo sapiens,CYP3A5,1577,Caenorhabditis elegans,cyp-13B1,181462,
Homo sapiens,TBXAS1,6916,Caenorhabditis elegans,cyp-13B1,181462,
Homo sapiens,CYP3A4,1576,Caenorhabditis elegans,cyp-13B1,181462,
Homo sapiens,CYP3A7,1551,Caenorhabditis elegans,cyp-13B1,181462,
Homo sapiens,CYP3A43,64816,Caenorhabditis elegans,cyp-13B1,181462,
Homo sapiens,MAN1A1,4121,Caenorhabditis elegans,D2030.1,172510,
Homo sapiens,DCXR,51181,Caenorhabditis elegans,dhs-21,179741,
Homo sapiens,DIS3,22894,Caenorhabditis elegans,dis-3,177875,
Homo sapiens,LCTL,197021,Caenorhabditis elegans,klo-2,184000,
Homo sapiens,GATA5,140628,Caenorhabditis elegans,egl-18,176992,
Homo sapiens,GATA6,2627,Caenorhabditis elegans,egl-18,176992,
Homo sapiens,GATA4,2626,Caenorhabditis elegans,egl-18,176992,
Homo sapiens,GATA1,2623,Caenorhabditis elegans,egl-18,176992,
Homo sapiens,GNAQ,2776,Caenorhabditis elegans,egl-30,171751,
Homo sapiens,GNA11,2767,Caenorhabditis elegans,egl-30,171751,
Homo sapiens,PLCB4,5332,Caenorhabditis elegans,egl-8,178537,
Homo sapiens,SPDEF,25803,Caenorhabditis elegans,ets-4,180927,
Homo sapiens,APEX1,328,Caenorhabditis elegans,exo-3,173069,
Homo sapiens,EIF2B4,8890,Caenorhabditis elegans,CELE_F11A3.2,179331,
Homo sapiens,SLC29A1,2030,Caenorhabditis elegans,ent-5,184599,
Homo sapiens,SLC29A2,3177,Caenorhabditis elegans,ent-5,184599,
Homo sapiens,SLC29A3,55315,Caenorhabditis elegans,ent-5,184599,
Homo sapiens,RBM15B,29890,Caenorhabditis elegans,grld-1,176827,
Homo sapiens,RBM15,64783,Caenorhabditis elegans,grld-1,176827,
Homo sapiens,UQCRQ,27089,Caenorhabditis elegans,F45H10.2,174992,
Homo sapiens,FAM116A,201627,Caenorhabditis elegans,CELE_F53H1.3,176945,
Homo sapiens,ACOX3,8310,Caenorhabditis elegans,F58F9.7,177386,
Homo sapiens,GNAO1,2775,Caenorhabditis elegans,goa-1,172505,
Homo sapiens,GNAL,2774,Caenorhabditis elegans,gsa-1,171687,
Homo sapiens,HCFC2,29915,Caenorhabditis elegans,hcf-1,177560,
Homo sapiens,CERS2,29956,Caenorhabditis elegans,hyl-1,177660,
Homo sapiens,CERS3,204219,Caenorhabditis elegans,hyl-1,177660,
Homo sapiens,CERS4,79603,Caenorhabditis elegans,hyl-1,177660,
Homo sapiens,CERS5,91012,Caenorhabditis elegans,hyl-1,177660,
Homo sapiens,CERS6,253782,Caenorhabditis elegans,hyl-1,177660,
Homo sapiens,ERN 2.00,10595,Caenorhabditis elegans,ire-1,174305,
Homo sapiens,ITPR1,3708,Caenorhabditis elegans,itr-1,177546,
Homo sapiens,ITPR2,3709,Caenorhabditis elegans,itr-1,177546,
Homo sapiens,ITPR3,3710,Caenorhabditis elegans,itr-1,177546,
Homo sapiens,ACAT1,38,Caenorhabditis elegans,kat-1,174161,
Homo sapiens,ROCK1,6093,Caenorhabditis elegans,let-502,172088,
Homo sapiens,ROCK2,9475,Caenorhabditis elegans,let-502,172088,
Homo sapiens,GABARAP,11337,Caenorhabditis elegans,lgg-1,174050,
Homo sapiens,GABARAPL1,23710,Caenorhabditis elegans,lgg-1,174050,
Homo sapiens,MAPK1,5594,Caenorhabditis elegans,mpk-1,175545,
Homo sapiens,MAPK3,5595,Caenorhabditis elegans,mpk-1,175545,
Homo sapiens,MPDZ,8777,Caenorhabditis elegans,mpz-1,174657,
Homo sapiens,INADL,10207,Caenorhabditis elegans,mpz-1,174657,
Homo sapiens,MTMR3,8897,Caenorhabditis elegans,mtm-3,175490,
Homo sapiens,MTMR4,9110,Caenorhabditis elegans,mtm-3,175490,
Homo sapiens,NCBP2,22916,Caenorhabditis elegans,ncbp-2,184953,
Homo sapiens,TRPV5,56302,Caenorhabditis elegans,ocr-2,188314,
Homo sapiens,TRPV6,55503,Caenorhabditis elegans,ocr-2,188314,
Homo sapiens,PCMT1,5110,Caenorhabditis elegans,pcm-1,178981,
Homo sapiens,PHB,5245,Caenorhabditis elegans,phb-1,171768,
Homo sapiens,PHB2,11331,Caenorhabditis elegans,phb-2,174034,
Homo sapiens,TCEB3B,51224,Caenorhabditis elegans,CELE_R03D7.4,174683,
Homo sapiens,TCEB3C,162699,Caenorhabditis elegans,CELE_R03D7.4,174683,
Homo sapiens,UQCRQ,27089,Caenorhabditis elegans,R07E4.3,180862,
Homo sapiens,RAB5A,5868,Caenorhabditis elegans,rab-5,172755,
Homo sapiens,RAB5B,5869,Caenorhabditis elegans,rab-5,172755,
Homo sapiens,RAB5C,5878,Caenorhabditis elegans,rab-5,172755,
Homo sapiens,KDM5A,5927,Caenorhabditis elegans,rbr-2,177985,
Homo sapiens,KDM5B,10765,Caenorhabditis elegans,rbr-2,177985,
Homo sapiens,KDM5D,8284,Caenorhabditis elegans,rbr-2,177985,
Homo sapiens,KDM5C,8242,Caenorhabditis elegans,rbr-2,177985,
Homo sapiens,SETD1B,23067,Caenorhabditis elegans,set-2,175662,
Homo sapiens,SUV420H2,84787,Caenorhabditis elegans,set-4,174045,
Homo sapiens,SUV420H1,51111,Caenorhabditis elegans,set-4,174045,
Homo sapiens,SHC3,53358,Caenorhabditis elegans,shc-1,3565745,
Homo sapiens,SHC2,25759,Caenorhabditis elegans,shc-1,3565745,
Homo sapiens,SHC4,399694,Caenorhabditis elegans,shc-1,3565745,
Homo sapiens,LRIG3,121227,Caenorhabditis elegans,sma-10,176849,
Homo sapiens,LRIG2,9860,Caenorhabditis elegans,sma-10,176849,
Homo sapiens,LRIG1,26018,Caenorhabditis elegans,sma-10,176849,
Homo sapiens,SMG1,23049,Caenorhabditis elegans,smg-1,172418,
Homo sapiens,SOD1,6647,Caenorhabditis elegans,sod-1,174141,
Homo sapiens,SOD2,6648,Caenorhabditis elegans,sod-2,172632,
Homo sapiens,ZNF202,7753,Caenorhabditis elegans,sptf-3,189783,
Homo sapiens,ZNF263,10127,Caenorhabditis elegans,sptf-3,189783,
Homo sapiens,MZF1,7593,Caenorhabditis elegans,sptf-3,189783,
Homo sapiens,ZSCAN20,7579,Caenorhabditis elegans,sptf-3,189783,
Homo sapiens,ZSCAN29,146050,Caenorhabditis elegans,sptf-3,189783,
Homo sapiens,ZNF192,7745,Caenorhabditis elegans,sptf-3,189783,
Homo sapiens,ZNF500,26048,Caenorhabditis elegans,sptf-3,189783,
Homo sapiens,ZSCAN12,9753,Caenorhabditis elegans,sptf-3,189783,
Homo sapiens,ZNF498,221785,Caenorhabditis elegans,sptf-3,189783,
Homo sapiens,ZKSCAN3,80317,Caenorhabditis elegans,sptf-3,189783,
Homo sapiens,ZKSCAN1,7586,Caenorhabditis elegans,sptf-3,189783,
Homo sapiens,ZNF323,64288,Caenorhabditis elegans,sptf-3,189783,
Homo sapiens,ZKSCAN4,387032,Caenorhabditis elegans,sptf-3,189783,
Homo sapiens,ZKSCAN5,23660,Caenorhabditis elegans,sptf-3,189783,
Homo sapiens,ZNF2,7549,Caenorhabditis elegans,sptf-3,189783,
Homo sapiens,ZNF434,54925,Caenorhabditis elegans,sptf-3,189783,
Homo sapiens,ZSCAN23,222696,Caenorhabditis elegans,sptf-3,189783,
Homo sapiens,ZSCAN10,84891,Caenorhabditis elegans,sptf-3,189783,
Homo sapiens,ZNF449,203523,Caenorhabditis elegans,sptf-3,189783,
Homo sapiens,ZNF213,7760,Caenorhabditis elegans,sptf-3,189783,
Homo sapiens,ZNF397,84307,Caenorhabditis elegans,sptf-3,189783,
Homo sapiens,ZNF496,84838,Caenorhabditis elegans,sptf-3,189783,
Homo sapiens,ZNF205,7755,Caenorhabditis elegans,sptf-3,189783,
Homo sapiens,ZNF768,79724,Caenorhabditis elegans,sptf-3,189783,
Homo sapiens,ZNF3,7551,Caenorhabditis elegans,sptf-3,189783,
Homo sapiens,ZNF18,7566,Caenorhabditis elegans,sptf-3,189783,
Homo sapiens,ZNF629,23361,Caenorhabditis elegans,sptf-3,189783,
Homo sapiens,ZSCAN16,80345,Caenorhabditis elegans,sptf-3,189783,
Homo sapiens,ZNF641,121274,Caenorhabditis elegans,sptf-3,189783,
Homo sapiens,ZNF557,79230,Caenorhabditis elegans,sptf-3,189783,
Homo sapiens,ZNF701,55762,Caenorhabditis elegans,sptf-3,189783,
Homo sapiens,ZNF610,162963,Caenorhabditis elegans,sptf-3,189783,
Homo sapiens,ZNF620,253639,Caenorhabditis elegans,sptf-3,189783,
Homo sapiens,ZNF662,389114,Caenorhabditis elegans,sptf-3,189783,
Homo sapiens,ZNF274,10782,Caenorhabditis elegans,sptf-3,189783,
Homo sapiens,ZNF554,115196,Caenorhabditis elegans,sptf-3,189783,
Homo sapiens,ZNF577,84765,Caenorhabditis elegans,sptf-3,189783,
Homo sapiens,ZSCAN30,100101467,Caenorhabditis elegans,sptf-3,189783,
Homo sapiens,ZNF621,285268,Caenorhabditis elegans,sptf-3,189783,
Homo sapiens,ZNF514,84874,Caenorhabditis elegans,sptf-3,189783,
Homo sapiens,ZNF101,94039,Caenorhabditis elegans,sptf-3,189783,
Homo sapiens,ZNF224,7767,Caenorhabditis elegans,sptf-3,189783,
Homo sapiens,ZNF177,7730,Caenorhabditis elegans,sptf-3,189783,
Homo sapiens,ZNF8,7554,Caenorhabditis elegans,sptf-3,189783,
Homo sapiens,ZNF669,79862,Caenorhabditis elegans,sptf-3,189783,
Homo sapiens,ZNF789,285989,Caenorhabditis elegans,sptf-3,189783,
Homo sapiens,ZNF584,201514,Caenorhabditis elegans,sptf-3,189783,
Homo sapiens,ZNF444,55311,Caenorhabditis elegans,sptf-3,189783,
Homo sapiens,ZNF785,146540,Caenorhabditis elegans,sptf-3,189783,
Homo sapiens,ZNF561,93134,Caenorhabditis elegans,sptf-3,189783,
Homo sapiens,ZNF398,57541,Caenorhabditis elegans,sptf-3,189783,
Homo sapiens,ZNF574,64763,Caenorhabditis elegans,sptf-3,189783,
Homo sapiens,ZNF556,80032,Caenorhabditis elegans,sptf-3,189783,
Homo sapiens,ZNF763,284390,Caenorhabditis elegans,sptf-3,189783,
Homo sapiens,ZNF552,79818,Caenorhabditis elegans,sptf-3,189783,
Homo sapiens,ZNF282,8427,Caenorhabditis elegans,sptf-3,189783,
Homo sapiens,GZF1,64412,Caenorhabditis elegans,sptf-3,189783,
Homo sapiens,ZSCAN1,284312,Caenorhabditis elegans,sptf-3,189783,
Homo sapiens,ZNF215,7762,Caenorhabditis elegans,sptf-3,189783,
Homo sapiens,ZNF446,55663,Caenorhabditis elegans,sptf-3,189783,
Homo sapiens,ZNF75A,7627,Caenorhabditis elegans,sptf-3,189783,
Homo sapiens,ARIH2,10425,Caenorhabditis elegans,T12E12.1,177339,
Homo sapiens,UQCRH,7388,Caenorhabditis elegans,T27E9.2,176772,
Homo sapiens,TBP,6908,Caenorhabditis elegans,tbp-1,176054,
Homo sapiens,TBPL2,387332,Caenorhabditis elegans,tbp-1,176054,
Homo sapiens,TMEM135,65084,Caenorhabditis elegans,tmem-135,180740,
Homo sapiens,STXBP5,134957,Caenorhabditis elegans,tom-1,172209,
Homo sapiens,STXBP5L,9515,Caenorhabditis elegans,tom-1,172209,
Homo sapiens,LHX2,9355,Caenorhabditis elegans,ttx-3,181357,
Homo sapiens,LHX9,56956,Caenorhabditis elegans,ttx-3,181357,
Homo sapiens,UQCRC2,7385,Caenorhabditis elegans,ucr-2.3,175248,
Homo sapiens,ULK2,9706,Caenorhabditis elegans,unc-51,180311,
Homo sapiens,ULK1,8408,Caenorhabditis elegans,unc-51,180311,
Homo sapiens,EPHA7,2045,Caenorhabditis elegans,vab-1,173794,
Homo sapiens,EPHA5,2044,Caenorhabditis elegans,vab-1,173794,
Homo sapiens,EPHA4,2043,Caenorhabditis elegans,vab-1,173794,
Homo sapiens,EPHA3,2042,Caenorhabditis elegans,vab-1,173794,
Homo sapiens,EPHA6,285220,Caenorhabditis elegans,vab-1,173794,
Homo sapiens,EPHA8,2046,Caenorhabditis elegans,vab-1,173794,
Homo sapiens,EPHB2,2048,Caenorhabditis elegans,vab-1,173794,
Homo sapiens,EPHB1,2047,Caenorhabditis elegans,vab-1,173794,
Homo sapiens,EPHA10,284656,Caenorhabditis elegans,vab-1,173794,
Homo sapiens,EPHB3,2049,Caenorhabditis elegans,vab-1,173794,
Homo sapiens,EPHB4,2050,Caenorhabditis elegans,vab-1,173794,
Homo sapiens,EPHA1,2041,Caenorhabditis elegans,vab-1,173794,
Homo sapiens,EPHB6,2051,Caenorhabditis elegans,vab-1,173794,
Homo sapiens,WDR5,11091,Caenorhabditis elegans,wdr-5.1,175474,
Homo sapiens,WDR5B,54554,Caenorhabditis elegans,wdr-5.1,175474,
Homo sapiens,CRTC1,23373,Caenorhabditis elegans,crtc-1,259368,
Homo sapiens,CRTC2,200186,Caenorhabditis elegans,crtc-1,259368,
Homo sapiens,CRTC3,64784,Caenorhabditis elegans,crtc-1,259368,
Homo sapiens,ISCA1,81689,Caenorhabditis elegans,CELE_Y39B6A.3,180262,
Homo sapiens,POLA1,5422,Caenorhabditis elegans,Y47D3A.29,176544,
Homo sapiens,KIN,22944,Caenorhabditis elegans,CELE_Y52B11A.9,173005,
Homo sapiens,COX6B1,1340,Caenorhabditis elegans,Y71H2AM.5,3565081,
Homo sapiens,COX6B2,125965,Caenorhabditis elegans,Y71H2AM.5,3565081,
Homo sapiens,SLC7A14,57709,Saccharomyces cerevisiae,BAP2,852360,
Homo sapiens,SLC7A3,84889,Saccharomyces cerevisiae,BAP2,852360,
Homo sapiens,SLC7A4,6545,Saccharomyces cerevisiae,BAP2,852360,
Homo sapiens,SLC7A1,6541,Saccharomyces cerevisiae,BAP2,852360,
Homo sapiens,RPL6,6128,Saccharomyces cerevisiae,RPL6A,854902,
Homo sapiens,PRKACB,5567,Saccharomyces cerevisiae,TPK1,853275,
Homo sapiens,PRKACA,5566,Saccharomyces cerevisiae,TPK1,853275,
Homo sapiens,PRKACG,5568,Saccharomyces cerevisiae,TPK1,853275,
Homo sapiens,PRKACB,5567,Saccharomyces cerevisiae,TPK3,853688,
Homo sapiens,PRKACA,5566,Saccharomyces cerevisiae,TPK3,853688,
Homo sapiens,PRKACG,5568,Saccharomyces cerevisiae,TPK3,853688,
Homo sapiens,ATP5F1,515,Caenorhabditis elegans,asb-1,175605,
Homo sapiens,GAPDH,2597,Caenorhabditis elegans,gpd-3,180601,
Homo sapiens,FABP3,2170,Caenorhabditis elegans,lbp-8,188761,
Homo sapiens,FABP4,2167,Caenorhabditis elegans,lbp-8,188761,
Homo sapiens,FABP7,2173,Caenorhabditis elegans,lbp-8,188761,
Homo sapiens,FABP9,646480,Caenorhabditis elegans,lbp-8,188761,
Homo sapiens,FABP12,646486,Caenorhabditis elegans,lbp-8,188761,
Homo sapiens,FABP5,2171,Caenorhabditis elegans,lbp-8,188761,
Homo sapiens,SLC7A14,57709,Saccharomyces cerevisiae,TAT2,854139,
Homo sapiens,SLC7A3,84889,Saccharomyces cerevisiae,TAT2,854139,
Homo sapiens,SLC7A4,6545,Saccharomyces cerevisiae,TAT2,854139,
Homo sapiens,SLC7A1,6541,Saccharomyces cerevisiae,TAT2,854139,
Homo sapiens,SLC25A3,5250,Caenorhabditis elegans,F01G4.6,178020,
Homo sapiens,MLL5,55904,Caenorhabditis elegans,set-26,178463,
Homo sapiens,SETD5,55209,Caenorhabditis elegans,set-26,178463,
Homo sapiens,G6PD,2539,Mus musculus,G6PD,2539,
Homo sapiens,SLC7A14,57709,Saccharomyces cerevisiae,CAN1,856646,
Homo sapiens,SLC7A3,84889,Saccharomyces cerevisiae,CAN1,856646,
Homo sapiens,SLC7A4,6545,Saccharomyces cerevisiae,CAN1,856646,
Homo sapiens,SLC7A1,6541,Saccharomyces cerevisiae,CAN1,856646,